{"_id":{"$oid":"642a8cd2e700ebee674a6d8d"},"ename":"smith"}
{"_id":{"$oid":"642a8cd2e700ebee674a6d8e"},"empno":1101.0}
{"_id":{"$oid":"642a8cd2e700ebee674a6d8f"},"empno":1102.0,"ename":"King"}
{"_id":{"$oid":"642a8cd2e700ebee674a6d90"},"n":1103.0,"m":"test"}
{"_id":{"$oid":"642a8cd2e700ebee674a6d91"},"n":1104.0,"m":"test"}
{"_id":{"$oid":"642a8cd2e700ebee674a6d92"},"n":1105.0,"m":"test"}
{"_id":{"$oid":"642a8cd2e700ebee674a6d93"},"n":1106.0,"m":"test"}
{"_id":{"$oid":"642a8cd2e700ebee674a6d94"},"n":1107.0,"m":"test"}
{"_id":{"$oid":"642a8cd2e700ebee674a6d95"},"n":1108.0,"m":"test"}
{"_id":{"$oid":"642a8cd2e700ebee674a6d96"},"n":1109.0,"m":"test"}
{"_id":{"$oid":"642a8cd2e700ebee674a6d97"},"n":1110.0,"m":"test"}
{"_id":{"$oid":"642a8cd2e700ebee674a6d98"},"n":1111.0,"m":"test"}
{"_id":{"$oid":"642a8cd2e700ebee674a6d99"},"n":1112.0,"m":"test"}
{"_id":{"$oid":"642a8cd2e700ebee674a6d9a"},"n":1113.0,"m":"test"}
{"_id":{"$oid":"642a8cd2e700ebee674a6d9b"},"n":1114.0,"m":"test"}
{"_id":{"$oid":"642a8cd2e700ebee674a6d9c"},"n":1115.0,"m":"test"}
{"_id":{"$oid":"642a8cd2e700ebee674a6d9d"},"n":1116.0,"m":"test"}
{"_id":{"$oid":"642a8cd2e700ebee674a6d9e"},"n":1117.0,"m":"test"}
{"_id":{"$oid":"642a8cd2e700ebee674a6d9f"},"n":1118.0,"m":"test"}
{"_id":{"$oid":"642a8cd2e700ebee674a6da0"},"n":1119.0,"m":"test"}
{"_id":{"$oid":"642a8cd2e700ebee674a6da1"},"n":1120.0,"m":"test"}
